{
  "project_info": {
    "project_number": "304402027205",
    "firebase_url": "https://bjjherofyp1.firebaseio.com",
    "project_id": "bjjherofyp1",
    "storage_bucket": "bjjherofyp1.appspot.com"
  },
  "client": [
    {
      "client_info": {
        "mobilesdk_app_id": "1:304402027205:android:3f5ba18451873e1cd896ac",
        "android_client_info": {
          "package_name": "com.example.bjjherofyp"
        }
      },
      "oauth_client": [
        {
          "client_id": "304402027205-6pvh31de2al1kn0g0tfeoae2hsjhlo4l.apps.googleusercontent.com",
          "client_type": 1,
          "android_info": {
            "package_name": "com.example.bjjherofyp",
            "certificate_hash": "dcd569ed90b573c533039121244ebf0fd13425cb"
          }
        },
        {
          "client_id": "304402027205-u8299b757ot0moreu6d553s8c5s4tof8.apps.googleusercontent.com",
          "client_type": 3
        }
      ],
      "api_key": [
        {
          "current_key": "AIzaSyBCVAg8eS9JoCRkIJkY6SviPWKpPBQbVEc"
        }
      ],
      "services": {
        "appinvite_service": {
          "other_platform_oauth_client": [
            {
              "client_id": "304402027205-u8299b757ot0moreu6d553s8c5s4tof8.apps.googleusercontent.com",
              "client_type": 3
            }
          ]
        }
      }
    }
  ],
  "configuration_version": "1"
}